location_name,sdi_value,sdi_group,high_quality_vr,total_rate,total_deaths,frontier_main,gap_main,avoid_main,frontier_hq,gap_hq,avoid_hq
India,0.606982048,Low-middle,FALSE,74.32252372370134,81780.37047515619,32.71292195253171,41.60960177116963,45784.89100854906,43.118715918830695,31.203807804870642,34334.93421192999
Nigeria,0.511952631,Low-middle,FALSE,109.54230677777907,42483.244756449596,44.18493872736894,65.35736805041014,25347.221043606613,42.76680103458255,66.77550574319653,25897.21028952609
Pakistan,0.512722944,Low-middle,FALSE,88.71579448871361,27349.526090158488,44.08628255016059,44.62951193855302,13758.497099519063,42.7729197596038,45.94287472910981,14163.383851795694
Ethiopia,0.393767735,Low,FALSE,124.50073528254373,20420.65428482357,60.36770260410036,64.13303267844337,10519.122522382479,41.83833260874086,82.66240267380286,13558.316290452312
Egypt,0.676519583,Middle,FALSE,121.76206191093965,15207.621266098933,25.407537196509587,96.35452471443006,12034.315911994017,39.26461769597296,82.49744421496669,10303.618938056272
Afghanistan,0.333711266,Low,FALSE,204.53001767985282,12706.906622701754,69.45804954159178,135.07196813826104,8391.662534171373,41.37427669238988,163.15574098746293,10136.43273101631
Indonesia,0.665731524,Middle,FALSE,80.80516535996803,17619.408476546527,26.457874629813553,54.34729073015448,11850.320591542455,40.29766109233027,40.507504267637756,8832.58218552631
Bangladesh,0.517107282,Low-middle,FALSE,93.0755948806669,15055.65616204295,43.52645818762603,49.54913669304087,8014.934163278099,42.80776196420917,50.26783291645773,8131.188518016265
Democratic Republic of the Congo,0.395104186,Low,FALSE,87.17676768262398,12733.23687815942,60.17268198752455,27.004085695099427,3944.2781485732135,41.84871834246007,45.32804934016391,6620.717936852879
Mexico,0.693436757,Middle,TRUE,86.35013479695851,7936.969214338982,23.830401535806185,62.519733261152325,5746.5712051202145,37.28520841130972,49.064926385648796,4509.857583226605
Myanmar,0.532025372,Low-middle,FALSE,118.1934144758962,6321.185797446875,41.64329750229109,76.55011697360511,4094.0310790761637,42.92652830705209,75.26688616884411,4025.401702609882
Brazil,0.683949753,Middle,TRUE,64.61436377282392,9601.244569915603,24.704157006327346,39.91020676649657,5930.378844992955,38.44928721649047,26.165076556333453,3887.9481981927647
Yemen,0.446393545,Low,FALSE,118.22036340340233,5870.0275565138545,52.90254147113777,65.31782193226456,3243.2434111670427,42.24924863346928,75.97111476993305,3772.214230782422
Philippines,0.669416191,Middle,FALSE,75.61597736904243,7611.890431328049,26.09531732688359,49.52066004215884,4985.002527816056,39.964778348097276,35.65119902094515,3588.831754015069
Mozambique,0.341791325,Low,FALSE,102.7023614702525,5747.449458455536,68.19529504150863,34.50706642874387,1931.0911396737288,41.43641032133309,61.265951148919406,3428.5770328135227
United Republic of Tanzania,0.465888633,Low-middle,FALSE,76.18530767517005,7522.798682171772,50.24403843768519,25.94126923748486,2561.5299325911483,42.402493702194896,33.782813972975156,3335.8309651977706
Uganda,0.442281237,Low,FALSE,85.12193721878526,6389.829017702718,53.47054655264443,31.651390666140834,2375.967713344269,42.21699380998606,42.904943408799205,3220.735586547903
United States of America,0.876475276,High,TRUE,29.60819362414093,5485.82021730648,12.073732752574978,17.534460871565955,3248.7932620913766,12.575667793118441,17.03252583102249,3155.7944987037035
Angola,0.499296938,Low-middle,FALSE,95.67338357737471,5650.842504335544,45.81843185359516,49.85495172377955,2944.627541310801,42.666399976076626,53.00698360129808,3130.798815310924
Mali,0.284970766,Low,FALSE,108.22599199249349,4978.613405897429,77.38220738683795,30.843784605655543,1418.8761562654954,41.001445592940506,67.22454639955299,3092.4644047929073
Iraq,0.653812815,Middle,FALSE,105.8651443281722,4957.1830279557125,27.656951803950733,78.20819252422147,3662.133812677315,41.235673205692784,64.62947112247943,3026.304071913981
Burkina Faso,0.306760806,Low,FALSE,108.32413397665654,4798.754312492175,73.77081612136973,34.55331785528681,1530.7104426489348,41.16770725806605,67.1564267185905,2975.0267137778205
Côte d'Ivoire,0.451524015,Low,FALSE,100.90227837717885,5015.12066003818,52.19744545114993,48.704832926028914,2420.764107406717,42.28952394784006,58.612754429338786,2913.215047350251
Algeria,0.657757116,Middle,FALSE,104.49846209900252,4662.638750181586,27.255759875854128,77.2427022231484,3446.5082961046455,40.94837436314048,63.55008773586204,2835.5546646604507
Niger,0.203013134,Low,FALSE,92.22539299522398,5019.674421780773,92.22539299522397,1.4210854715202004e-14,7.734731358557214e-13,40.38208520472247,51.84330779050151,2821.7448319245977
Sudan,0.573101197,Low-middle,FALSE,109.22761019399722,4570.980745890612,36.63619621974351,72.59141397425371,3037.8212523734564,43.235622629629766,65.99198756436746,2761.6470231658873
Türkiye,0.730952258,High-middle,FALSE,77.67365029560187,4208.649672645994,20.650050944999688,57.02359935060218,3089.7524685227427,31.424756940836225,46.24889335476565,2505.938489269061
Cameroon,0.487083713,Low-middle,FALSE,86.01826691726478,4417.5178444506,47.41728138713954,38.60098553012524,1982.375935994153,42.56973263132326,43.44853428594152,2231.3246058302884
Ghana,0.573769063,Low-middle,FALSE,93.34970524813008,4006.3969835716175,36.557007722147716,56.79269752598236,2437.4377128689307,43.23888219383255,50.110823054297526,2150.663998299558
Somalia,0.229019065,Low,FALSE,91.4200284293493,3763.233513410656,87.26773265128205,4.152295778067256,170.92598742399554,40.57759396486344,50.84243446448586,2092.8887965507715
Madagascar,0.379987683,Low,FALSE,85.38495007399052,3951.865863055463,62.39602898013241,22.988921093858117,1063.9946784599397,41.731396224940774,43.65355384904975,2020.4144771136082
Benin,0.40649626,Low,FALSE,127.27424587124843,2991.0354095195394,58.52216657125709,68.75207929999134,1615.7228216649291,41.93735234069403,85.33689353055439,2005.4777660713503
Haiti,0.463794706,Low-middle,FALSE,161.2029104425166,2654.4172423757896,50.52688853630449,110.67602190621213,1822.425786599984,42.38600735770205,118.81690308481456,1956.4760671395557
Zambia,0.505571537,Low-middle,FALSE,103.18439033796774,3331.9328820423357,45.0055846787519,58.17880565921584,1878.6550463589228,42.71614858276997,60.468241755197774,1952.5833545511935
South Africa,0.70261336,High-middle,FALSE,71.88079825326393,3756.189162157676,23.01165001336258,48.86914823990135,2553.696806980844,36.03038214362808,35.85041610963585,1873.3924458572985
Chad,0.239323301,Low,FALSE,86.58915510055937,3460.774496686694,85.37250812244982,1.2166469781095515,48.62665340044726,40.655321265389716,45.93383383516965,1835.8724078920197
Iran (Islamic Republic of),0.717585049,High-middle,FALSE,65.39589609688834,3657.3650727120407,21.732429078863657,43.663467018024676,2441.9458827912003,33.72551639027328,31.67037970661506,1771.2142120797935
Guinea,0.355150968,Low,FALSE,115.43263061091383,2703.713226823327,66.13592705853574,49.29670355237809,1154.6488088156896,41.53934737618989,73.89328323472395,1730.7605847478305
Uzbekistan,0.632090937,Middle,TRUE,78.9389507909612,3253.6114459337464,29.939376764630445,48.999574026330755,2019.605952454621,42.433422554887926,36.505528236073275,1504.641286951913
Malawi,0.409532838,Low,FALSE,91.11165550396295,2664.9400617783976,58.085754402400404,33.025901101562546,965.9801090767932,41.96100956526663,49.15064593869632,1437.6154697202305
Zimbabwe,0.491184885,Low-middle,FALSE,100.2824689986513,2204.34641710599,46.877939950550946,53.40452904810035,1173.9049052132534,42.602168847568926,57.68030015108237,1267.8922272779953
Burundi,0.307259853,Low,FALSE,94.09031118520127,2189.636708145762,73.6894661292072,20.40084505599407,474.76130803598045,41.17152295728165,52.91878822791962,1231.5074718625158
Morocco,0.612385219,Middle,FALSE,87.96291205680858,2304.143254390331,32.105472810500935,55.85743924630764,1463.156901442481,43.02491220654115,44.937999850267424,1177.1278007930937
Senegal,0.412747283,Low,FALSE,83.14452248157762,2252.3012359117897,57.625377560850666,25.51914492072696,691.2878915998413,41.98606704827689,41.15845543330074,1114.9410360878967
Russian Federation,0.822523587,High,TRUE,32.76259952025722,2049.0652389844827,14.668053206416516,18.094546313840702,1131.6838837516852,15.475702585869442,17.286896934387777,1081.171217084282
Sierra Leone,0.383229086,Low,FALSE,138.81862457569972,1522.426522698129,61.916015494316724,76.90260908138299,843.3923912445833,41.75652564980547,97.06209892589425,1064.4819036724427
Peru,0.685607664,Middle,FALSE,72.45697791663184,2222.6239337626694,24.54948133807054,47.90749657856131,1469.566514693431,38.25577365555725,34.201204261074594,1049.1248371086328
South Sudan,0.379080534,Low,FALSE,115.84331644119847,1618.4635218809997,62.53069173124841,53.31262470995006,744.8382953761809,41.72436613574497,74.1189503054535,1035.52644239409
Ecuador,0.690996593,Middle,FALSE,107.114979755508,1593.001374930641,24.052506602851867,83.06247315265614,1235.2953269406437,37.597711690455796,69.5172680650522,1033.852630713452
Rwanda,0.462112705,Low-middle,FALSE,96.29081532626705,1704.375717909336,50.75456330555752,45.53625202070953,806.0050376115767,42.37276891788657,53.918046408380484,954.3652605305546
Saudi Arabia,0.828451182,High,FALSE,51.29133203791124,1301.9899858288331,14.35490941424781,36.93642262366343,937.6019389164176,14.863877978907954,36.42745405900328,924.6821735689435
Bolivia (Plurinational State of),0.631803304,Middle,FALSE,120.27488712606792,1373.8033996679048,29.97038213497492,90.30450499109301,1031.475804521478,42.44519325157649,77.82969387449143,888.9860601391877
Argentina,0.764786183,High-middle,TRUE,56.0954795308397,1560.8700867773957,18.161323672349138,37.934155858490556,1055.5269273367612,24.87701940792772,31.218460122911978,868.6610929908718
Viet Nam,0.64302812,Middle,FALSE,52.33018097898775,4108.243286915067,28.77517789351005,23.555003085477697,1849.2136180081927,41.90893647226818,10.421244506719567,818.1322323961001
Papua New Guinea,0.43671418,Low,FALSE,91.21801568521052,1499.5650206784162,54.24353245653672,36.9744832286738,607.8365253934104,42.173367914046494,49.04464777116402,806.26220266547
Azerbaijan,0.705297926,High-middle,FALSE,162.4392257968932,1025.5382681093486,22.77709174044546,139.66213405644774,881.7381539345189,35.640010235724084,126.79921556116912,800.5298429999807
Central African Republic,0.259147219,Low,FALSE,105.0490136742802,1272.3352552982733,81.82563726675428,23.22337640752592,281.2774676968889,40.80527679246661,64.24373688181359,778.1088894397701
Jordan,0.72035157,High-middle,FALSE,101.05973065382175,1157.055740874152,21.503782776581726,79.55594787724002,910.8540624095193,33.266948948087844,67.7927817057339,776.174909184574
Tunisia,0.683722134,Middle,FALSE,131.5436835169203,1076.7343693881612,24.725457912240515,106.8182256046798,874.3472260363076,38.47552563926175,93.06815787765856,761.7977663642715
Kazakhstan,0.727191018,High-middle,TRUE,67.97534805778078,1410.3496032227217,20.948899686423147,47.02644837135763,975.7027318954098,32.09317140883377,35.88217664894701,744.4818606385551
Togo,0.4605221,Low-middle,FALSE,106.57445400315183,1216.8414981697176,50.97025076765519,55.60420323549664,634.8754267848669,42.36025362780764,64.21420037534419,733.1823045154273
Colombia,0.688855489,Middle,TRUE,57.138644978694266,2120.5823645308433,24.248898741509894,32.88974623718437,1220.6347537725885,37.86447588407322,19.274169094621044,715.3208321317251
Libya,0.770482329,High-middle,FALSE,143.50884250934993,830.1307519592591,17.77699164119118,125.73185086815874,727.2992665912823,23.743812706643503,119.76502980270644,692.7840299601489
Lao People's Democratic Republic,0.515008269,Low-middle,FALSE,128.52239998720728,1032.6819314519382,43.79411640430347,84.7282835829038,680.7946906353279,42.791077629970374,85.7313223572369,688.8541418975404
Venezuela (Bolivarian Republic of),0.580213457,Low-middle,TRUE,82.77001565333154,1287.820997506769,35.79666088355489,46.97335476977665,730.8597457468068,43.26216421191271,39.50785144141883,614.7037698498891
Eritrea,0.414533257,Low,FALSE,100.28519265726946,986.2585072404862,57.37029402564828,42.914898631621185,422.04818818515207,41.99999567281218,58.28519698445728,573.2079666892041
Liberia,0.38302106,Low,FALSE,110.15280918215642,841.9608723927721,61.9467674756561,48.206041706500315,368.46632628940813,41.7549124451666,68.39789673698982,522.8042138378382
Cambodia,0.499953382,Low-middle,FALSE,69.75559475104619,1211.5645655688231,45.73311928722484,24.02247546382135,417.2393648579122,42.67160192440663,27.08399282663956,470.41396636338675
United Kingdom,0.880444683,High,TRUE,24.872496660007283,885.96528269866,11.903627151541333,12.96886950846595,461.95475658963073,12.565758249158018,12.306738410849265,438.36946183203685
Germany,0.878636199,High,TRUE,23.323664796954414,921.323182193343,11.980808026931742,11.342856770022673,448.0615283017274,12.567687217202048,10.755977579752367,424.87883347867813
Guatemala,0.553757769,Low-middle,TRUE,64.86133557887761,1104.624255331627,38.9609922319796,25.900343346898012,441.09710703702655,43.10013481411857,21.761200764759046,370.60522999347637
Turkmenistan,0.682174647,Middle,TRUE,98.5028732252545,588.0513720880812,24.87068930557812,73.63218391967638,439.57607901234667,38.65179815440258,59.85107507085193,357.30436751704497
Malaysia,0.770371353,High-middle,FALSE,38.44333229554359,885.4982806996433,17.784388248384325,20.658944047159267,475.8551962715851,23.76570404169033,14.67762825385326,338.0824139701907
Chile,0.788533125,High-middle,TRUE,51.854302922042244,501.7276648066896,16.620052119838544,35.234250802203704,340.91671047588846,20.35877148823118,31.495531433811063,304.7419123903508
Paraguay,0.674088962,Middle,FALSE,95.1810927496406,516.395261775375,25.641209471061675,69.53988327857893,377.2815082500341,39.512898972405814,55.668193777234784,302.0220788363034
Poland,0.847008286,High,TRUE,29.539721111989493,522.8022147372981,13.421720694033986,16.118000417955507,285.2608622707579,13.43074774469701,16.108973367292485,285.101099012964
Ukraine,0.764530545,High-middle,TRUE,45.912510287965425,580.1278374797008,18.178798493304193,27.733711794661232,350.4295048955178,24.928228918439576,20.98428136952585,265.14703063751966
Japan,0.875884075,High,TRUE,18.819376706529834,777.6431540418484,12.099290099772725,6.720086606757109,277.68344434594127,12.578953313727284,6.240423392802549,257.863084703103
Tajikistan,0.551182019,Low-middle,FALSE,61.91526155252149,835.3209368766647,39.27505820018159,22.640203352339903,305.44708043124774,43.07952213974383,18.835739412777663,254.11969680043117
Congo,0.57784943,Low-middle,FALSE,75.86333608423614,584.166802439305,36.074788482723285,39.78854760151285,306.3818416879455,43.25546800201075,32.60786808222539,251.08880013931272
Canada,0.887304675,High,TRUE,26.095728990407068,484.1608260205601,11.615647662338105,14.480081328068962,268.6527032534682,12.59569840808222,13.500030582324849,250.46956766158783
France,0.86109871,High,TRUE,19.23308027119615,695.9598481350195,12.757788496623487,6.475291774572664,234.31208191912043,12.830526395567283,6.402553875628868,231.68002005545748
Kyrgyzstan,0.625153433,Middle,TRUE,71.52797609396154,566.5449465414605,30.69247910509731,40.835496988864236,323.4418995465349,42.69009943106682,28.837876662894722,228.4134709877271
Guinea-Bissau,0.373341963,Low,FALSE,102.36112323326023,341.59049780076055,63.38588724766355,38.97523598559668,130.06471443150505,41.679921640564,60.68120159269623,202.49994533532254
Panama,0.71530692,High-middle,TRUE,89.12690891818879,308.6278998512873,21.922525517174083,67.20438340101471,232.71476551368517,34.09578259138984,55.03112632679895,190.56131476837032
Sri Lanka,0.730697976,High-middle,FALSE,43.40574919382158,617.1547293401508,20.670114049831415,22.735635143990162,323.26143458578787,31.470431959476834,11.935317234344744,169.69958160287538
Nicaragua,0.535691817,Low-middle,FALSE,67.50306225262216,427.9999347091326,41.185649113966704,26.317413138655454,166.86429813960416,42.955768126584914,24.547294126037244,155.64094327915768
Lebanon,0.723671502,High-middle,FALSE,69.37883098147911,293.3360448744528,21.232590817296565,48.146240164182544,203.56393247829465,32.70413559118906,36.674695390290054,155.06185302595966
Gambia,0.432615004,Low,FALSE,84.49654701073463,306.8447632730557,54.8156962307318,29.680850780002828,107.78444745411707,42.14127379755558,42.35527321317905,153.81094544387028
Mauritania,0.518009346,Low-middle,FALSE,65.59472674202075,436.72516028558624,43.4116334216618,22.183093320358957,147.6935032303091,42.81493415989763,22.77979258212312,151.6662857035274
Palestine,0.6379798,Middle,FALSE,64.07445837682144,419.5528200666705,29.308905659658787,34.76555271716265,227.6411857886025,42.17000555205585,21.904452824765592,143.4280552260151
El Salvador,0.608140065,Middle,FALSE,74.10897881451552,325.71193577401937,32.58229297738504,41.526685837130486,182.5114506589595,43.10080293310707,31.008175881408455,136.28217731124101
Oman,0.781268794,High-middle,FALSE,51.965497894169964,225.44292649487818,17.07483930242762,34.890658591742344,151.36682027516056,21.671728759426088,30.293769134743876,131.42404566594328
Australia,0.852886303,High,TRUE,21.60645885094345,324.63505357112064,13.14026399514035,8.466194855803101,127.20379769390925,13.131403871041664,8.475054979901786,127.33692024218364
Kuwait,0.877142895,High,TRUE,61.99049597095353,154.750058380443,12.044941446207467,49.945554524746065,124.68165252572933,12.57253126364859,49.41796470730494,123.36460297206554
Equatorial Guinea,0.646241526,Middle,FALSE,99.53687742831083,202.6161346883521,28.43880502947642,71.0980723988344,144.72642688253666,41.72512304095477,57.81175438735606,117.68094917338468
Dominican Republic,0.658091059,Middle,FALSE,51.77273111606834,526.110056225132,27.221989549109978,24.550741566958365,249.48253158992378,40.92301187287591,10.849719243192432,110.25391703338727
Romania,0.768756849,High-middle,TRUE,35.446821012344785,323.16959878119457,17.892402603694286,17.5544184086505,160.044093996048,24.08515003410408,11.361670978240706,103.58465291551141
Netherlands,0.908399773,High,TRUE,24.206419816167216,209.93612725111586,10.775281823210719,13.431137992956497,116.48484642629293,13.007020340367193,11.199399475800023,97.12954544055786
Timor-Leste,0.484532958,Low-middle,FALSE,91.73954296274496,173.69602024768693,47.753976985335235,43.98556597740973,83.28052998607971,42.54957113863824,49.18997182410672,93.13434606288494
Djibouti,0.491006575,Low-middle,FALSE,95.58935307722265,162.6970408823869,46.901337851374265,48.68801522584839,82.86901991357514,42.60075807795999,52.988594999262666,90.18878493644227
Israel,0.840929726,High,TRUE,22.847401308533588,215.31165727990836,13.719776137495542,9.127625171038046,86.01783966879279,13.819059473248418,9.02834183528517,85.0822033015511
Taiwan,0.881537661,High,FALSE,22.94287276815308,175.65988871850345,11.857239642831056,11.085633125322024,84.8760789830672,12.566637221060857,10.376235547092223,79.44464496395878
Gabon,0.631085776,Middle,FALSE,75.22748327626874,177.8672608216125,30.047811957760274,45.17967131850847,106.8224541386313,42.47412171659895,32.75336155966979,77.4417865598882
Italy,0.834438992,High,TRUE,17.770528995118017,371.0879671422514,14.046151230963638,3.7243777641543794,77.77324882953904,14.321200427204415,3.449328567913602,72.02961299713695
Democratic People's Republic of Korea,0.57705994,Low-middle,FALSE,48.036756805495145,715.7556971750454,36.16787727095191,11.868879534543233,176.84828683025938,43.25273333692573,4.784023468569416,71.28274847764018
Belarus,0.803625792,High-middle,TRUE,33.90638717907946,147.9937955362514,15.718961107542139,18.18742607153732,79.38404646728448,17.91285659198984,15.99353058708962,69.80818342890123
United Arab Emirates,0.862209546,High,FALSE,28.023586408633477,122.22890990352745,12.706991740508379,15.316594668125099,66.80553453866088,12.799378234033885,15.224208174599593,66.40257753562886
Costa Rica,0.71538598,High-middle,TRUE,56.99932989021171,163.91667391494119,21.915900989652155,35.083428900559554,100.8916944460184,34.083046013123045,22.916283877088667,65.90184549288945
Fiji,0.686418864,Middle,FALSE,97.95097567818067,87.40844447995151,24.47410431643452,73.47687136174615,65.56850492316626,38.15955289115554,59.79142278702513,53.35603063544763
Comoros,0.478698597,Low-middle,FALSE,90.22968830897123,96.37719147513026,48.527698827154666,41.70198948181657,44.54321743216413,42.503491496996496,47.72619681197474,50.9778643230679
Switzerland,0.946050659,High,TRUE,25.716829479255317,111.69515087204181,9.428040948186165,16.28878853106915,70.74661726742674,14.559232931703383,11.157596547551934,48.460461689240624
Namibia,0.619642149,Middle,FALSE,56.932010862835206,193.93334081294685,31.29829758971403,25.633713273121177,87.31874348289975,42.855346419978034,14.076664442857172,47.9507841288668
Greece,0.831148242,High,TRUE,26.11859249980138,106.55445432060858,14.21490998181617,11.90368251798521,48.56273917207934,14.610039261458878,11.508553238342502,46.9507539635064
Honduras,0.520269472,Low-middle,FALSE,46.394085071084696,561.316457666655,43.12447636512787,3.269608705956827,39.558602653155695,42.83290941072281,3.561175660361883,43.086236181622525
Eswatini,0.606902305,Low-middle,FALSE,74.81765835318579,100.0838926295905,32.72192590401704,42.09573244916875,56.31163630807721,43.119906813354106,31.697751539831685,42.402214016590726
Lesotho,0.509816661,Low-middle,FALSE,63.63657619715562,129.07818266270357,44.4589617134037,19.177614483751917,38.899195608818495,42.74983924565123,20.88673695150439,42.365919233326515
Republic of Moldova,0.733718614,High-middle,TRUE,58.58646100721821,86.37984218060963,20.433101523519458,38.15335948369875,56.25328982503168,30.923462921425326,27.662998085792886,40.78630741322456
Botswana,0.677582005,Middle,FALSE,55.37723821938646,138.7928116416336,25.305949769791585,30.071288449594878,75.36812610753731,39.15324182246919,16.223996396917272,40.66244811760186
Bulgaria,0.770862429,High-middle,TRUE,37.074574683659264,112.17183342766545,17.751684933785228,19.322889749874037,58.46281417543381,23.668902508377364,13.4056721752819,40.55984024260131
Guyana,0.695580314,Middle,TRUE,91.35060423852232,67.50916391259615,23.636809915266426,67.7137943232559,50.04128520241138,37.00328730558659,54.34731693293573,40.1633022312094
Ireland,0.906907098,High,TRUE,26.258355877256633,78.07657068946739,10.832598317255426,15.425757560001207,45.86693303274135,12.96411695923805,13.294238918018584,39.529077505738684
Denmark,0.915990253,High,TRUE,25.639361736004023,78.41662312801509,10.488647637558941,15.150714098445082,46.33765262220748,13.252734010487965,12.386627725516059,37.883841578429184
Spain,0.811819795,High-middle,TRUE,18.75204146178069,331.80325174990304,15.253168701476538,3.4988727603041507,61.909918538428506,16.766526478786776,1.9855149829939123,35.132192358803266
New Zealand,0.866430611,High,TRUE,24.262503085875107,72.31543363851792,12.51596115462215,11.746541931252956,35.01107328065087,12.70013667862509,11.562366407250016,34.4621302125456
Qatar,0.859589918,High,FALSE,34.650378856194436,52.50339781162073,12.827137058980382,21.823241797214052,33.06729633097461,12.876328727880248,21.774050128314187,32.99275949049774
Armenia,0.717334917,High-middle,TRUE,52.58850121769493,89.66065553564201,21.753221050099466,30.835280167595467,52.572546648686824,33.76649837398599,18.822002843708944,32.09053451580062
Jamaica,0.691833531,Middle,TRUE,53.83521218491168,100.59196955475431,23.97612143736606,29.859090747545622,55.79219669633931,37.491542917988994,16.34366926692269,30.53841184212949
Slovakia,0.813141722,High,FALSE,27.384709244505085,75.95656626195189,15.17949942851818,12.205209815986905,33.85341140019796,16.594291812048212,10.790417432456874,29.92922252285698
Austria,0.853959728,High,TRUE,19.639198673891897,84.36516097503124,13.089567522393933,6.549631151497964,28.135602454990803,13.084639985493315,6.554558688398583,28.156769940015725
Trinidad and Tobago,0.770448612,High-middle,TRUE,60.79968973409354,43.72684101055689,17.779238517275804,43.02045121681773,30.94009918121918,23.75046283379706,37.04922690029648,26.645623708255012
Mauritius,0.736236312,High-middle,TRUE,67.30055296475429,42.7482619643772,20.23775115598167,47.06280180877262,29.893557955647065,30.460468200590547,36.84008476416374,23.400247470672213
Uruguay,0.745444259,High-middle,TRUE,42.02935061841444,73.49825611067726,19.540284454924848,22.489066163489593,39.32744903867088,28.717492056328418,13.311858562086023,23.278931877587514
Sweden,0.910927944,High,TRUE,17.11044033781144,96.44831899152426,10.678921593897211,6.4315187439142285,36.25325585819198,13.083876648995112,4.026563688816328,22.69697865346226
Suriname,0.654870057,Middle,FALSE,88.63759916271394,40.261512379458196,27.5489976493004,61.088601513413536,27.748038183672993,41.160871507571756,47.476727655142184,21.565169592586983
Bahrain,0.784320905,High-middle,FALSE,45.884149374355594,39.77509730397196,16.88203199890961,29.002117375445984,25.14075244629684,21.11066173922132,24.773487635134273,21.475125826282152
Mongolia,0.659697833,Middle,FALSE,46.366476195898215,177.2589143081073,27.059935764771733,19.306540431126482,73.80885235720817,40.798692140833595,5.567784055064621,21.285623529658157
Hungary,0.793609757,High-middle,TRUE,23.811804790566235,108.29817301083678,16.31050696634524,7.501297824220995,34.11655927463114,19.490594407083687,4.321210383482548,19.653243164164582
Bhutan,0.52425393,Low-middle,FALSE,77.3642503322702,39.39040065778856,42.62011111801783,34.74413921425237,17.6901547973576,42.86461701296325,34.49963331930695,17.565663380149697
Puerto Rico,0.847508564,High,TRUE,33.32246146928156,28.022290836210225,13.397509883899868,19.924951585381695,16.75574863332603,13.402349514810838,19.920111954470727,16.751678779571314
Georgia,0.754633377,High-middle,TRUE,33.97562324740191,76.30259108698061,18.87070256507749,15.104920682324423,33.9226915083246,26.912969582114826,7.062653665287087,15.861335955112304
Finland,0.89081503,High,TRUE,19.07135879847692,44.91703287505328,11.471155313637947,7.600203484838971,17.900066450056503,12.632480683335979,6.438878115140939,15.164902670665715
Brunei Darussalam,0.832363947,High,FALSE,66.76603803009188,18.700848983352937,14.152303603590555,52.613734426501324,14.736856206995224,14.500657077855331,52.26538095223655,14.639284059429485
Belgium,0.876976215,High,TRUE,14.787070909404173,86.70863239064255,12.052122682501158,2.7349482269030148,16.037227512255743,12.573257666874227,2.2138132425299464,12.981388931190306
Norway,0.916927776,High,TRUE,17.86720629658841,49.255062213347735,10.453795643473276,7.413410653115134,20.43677096860983,13.286074745718382,4.581131550870028,12.628942421105766
Lithuania,0.856187639,High,TRUE,23.095637233370606,28.611919557088243,12.98502752587353,10.110609707497076,12.525480405712251,12.994940165914596,10.10069706745601,12.513200179079512
Albania,0.706767038,High-middle,FALSE,44.3721233699218,52.80144223810478,22.649687087047184,21.722436282874618,25.84902135737339,35.42202965656811,8.950093713353695,10.650332243320422
Cabo Verde,0.562409777,Low-middle,FALSE,67.24529269077473,25.47540545971621,37.913729242582676,29.331563448192057,11.11205620066542,43.16769248904305,24.077600201731684,9.121629233687743
Singapore,0.869993868,High,TRUE,16.113435356693344,40.56405637695552,12.357118898842039,3.7563164578513053,9.456173012955476,12.63875199850744,3.4746833581859047,8.747188201240665
Sao Tome and Principe,0.522633002,Low-middle,FALSE,76.0585591153559,16.896129491189264,42.82500419062741,33.233554924728494,7.382712136435872,42.85171512751883,33.206843987837075,7.376778399933398
Maldives,0.660888616,Middle,FALSE,63.089257518631946,20.12686424495254,26.94030210444957,36.148955414182375,11.532313849203588,40.704103620961426,22.38515389767052,7.141357678329427
Nepal,0.471006784,Low-middle,FALSE,42.661314238802994,1209.6545386333414,49.55539004969488,0,0,42.442817998087165,0.21849624071582952,6.195424917683975
Latvia,0.8508436,High,TRUE,19.82595257944449,17.639257112957036,13.237333318825558,6.588619260618932,5.861930148967127,13.226988798441138,6.598963781003352,5.871133724635929
Bahamas,0.813601011,High,FALSE,44.22326330661535,9.331195687798736,15.153998150318456,29.069265156296893,6.133672221184528,16.535288844021398,27.687974462593953,5.842217163349633
Croatia,0.782133463,High-middle,TRUE,24.472601569846205,43.09662845404651,17.0199593258107,7.452642244035506,13.124217826840061,21.511471024795856,2.9611305450503487,5.214596516833052
Malta,0.830491207,High,TRUE,35.708256499146444,8.42249401381644,14.248874492291812,21.459382006854632,5.061616953974041,14.670459115158017,21.037797383988426,4.962177935928101
Kenya,0.548710797,Low-middle,FALSE,43.1337523064566,2563.425566797773,39.57735900187496,3.55639330458164,211.35535479922436,43.05975522634981,0.07399708010679262,4.397623598022595
Guam,0.811868521,High-middle,FALSE,51.75378859308332,5.952430928772075,15.250446091528971,36.50334250155435,4.198410025944485,16.76011451982511,34.99367407325821,4.024776417873102
Seychelles,0.753016949,High-middle,FALSE,79.0013190749847,5.864971641014786,18.98658050069017,60.01473857429454,4.455428642236525,27.23433658003359,51.766982494951115,3.843124239300632
Cyprus,0.855816058,High,FALSE,16.777664134903247,12.793504474872327,13.002399597459926,3.775264537443322,2.878759722763187,13.009223407899086,3.7684407270041618,2.873556349475516
Kiribati,0.542688753,Low-middle,FALSE,61.297361630053565,9.152357498042852,40.3180220879563,20.979339542097264,3.132441763496061,43.01162382328642,18.285737806767145,2.7302579600906824
Barbados,0.754794961,High-middle,TRUE,45.403795348523076,6.000593450716461,18.859163574230855,26.54463177429222,3.5081548217241543,26.880762710933702,18.523032637589374,2.4480153581729502
Iceland,0.888965507,High,TRUE,22.482495046277357,5.187829320644623,11.547046073380839,10.935448972896518,2.5233517320578356,12.611366119667233,9.871128926610124,2.277760184887067
Belize,0.628475098,Middle,TRUE,48.36692018484894,17.409336335879782,30.33053588334273,18.036384301506207,6.49207101440512,42.57420532525568,5.792714859593254,2.085047402296627
Solomon Islands,0.45802266,Low-middle,FALSE,43.73551429237264,49.391919467383374,51.30993202062972,0,0,42.34059485741602,1.3949194349566199,1.5753272714316948
Greenland,0.860113904,High,FALSE,44.54592199518669,1.759195407492443,12.803006734561432,31.742915260625256,1.2535825558386158,12.859959996217794,31.685961998968892,1.2513333731556662
Northern Mariana Islands,0.791104245,High-middle,FALSE,44.806609722483,1.2324965569181827,16.462443289831267,28.344166432651736,0.7796637092904177,19.913649871311502,24.8929598511715,0.684731281792932
United States Virgin Islands,0.816423321,High,FALSE,28.08748179744689,1.1551942014338836,14.998352768964933,13.089129028481958,0.5383354073734267,16.182254710839526,11.905227086607365,0.489643371961261
Slovenia,0.844865839,High,TRUE,14.042624160163802,13.398331681451426,13.525950135151389,0.5166740250124136,0.49296839959192484,13.558508394867914,0.48411576529588807,0.46190395197320006
Saint Kitts and Nevis,0.754464215,High-middle,TRUE,41.56630293952973,1.2384957427190793,18.882791392283337,22.68351154724639,0.6758703684100507,26.946671293554733,14.619631645974994,0.43560168389289056
Antigua and Barbuda,0.755852569,High-middle,TRUE,34.655777698244705,1.796628760059104,18.783837867058217,15.871939831186488,0.8228349058252876,26.66962708028698,7.986150617957726,0.4140189265789687
Bermuda,0.826940374,High,TRUE,30.099457715918845,0.7140776611390279,14.434005501140438,15.665452214778407,0.37164621315745466,15.01278869306977,15.086669022849076,0.3579151967418036
Nauru,0.626371926,Middle,FALSE,62.901473030587,0.987123037722433,30.559422045959163,32.34205098462783,0.5075490616665723,42.64904808367178,20.25242494691522,0.317824595699424
Dominica,0.75366422,High-middle,FALSE,36.200013094816434,1.209281227074932,18.940081762339766,17.25993133247667,0.5765774417345495,27.10583226727899,9.094180827537443,0.3037960821053003
Palau,0.75589719,High-middle,FALSE,54.37153508109455,0.5586129959626802,18.780667459387917,35.590867621706636,0.36566047218309405,26.66070744571028,27.71082763538427,0.2847009638944301
Grenada,0.678048084,Middle,TRUE,42.974376105858205,3.0642687788989806,25.261489977134,17.712886128724204,1.2630094690552922,39.103833741473,3.8705423643852086,0.2759873021862125
Andorra,0.879855839,High,FALSE,21.688003837095486,0.5119249309585752,11.92869880363218,9.759305033463306,0.23035921576674065,12.565919289948567,9.122084547146919,0.21531822555329586
Tonga,0.63599479,Middle,FALSE,44.17997180990246,4.896600530718797,29.520493328559397,14.659478481343065,1.6247545476187055,42.26364112444065,1.9163306854618085,0.21239275325571386
Tuvalu,0.611233842,Middle,FALSE,52.59896716208618,0.629089923052089,32.23447144949727,20.364495712588912,0.24356179849214818,43.047121282390705,9.551845879695477,0.11424121639016444
San Marino,0.883012202,High,FALSE,21.413321495923572,0.24641299154815352,11.794963409335535,9.618358086588037,0.11068289384011364,12.57021064459541,8.843110851328163,0.10176176544505419
American Samoa,0.743030595,High-middle,FALSE,31.920172932927688,1.1654436345185963,19.72053541508185,12.199637517845836,0.44542333522074745,29.18139164018896,2.7387812927387287,0.09999617579353152
Monaco,0.92270063,High,FALSE,16.56500628710132,0.2663323454213203,10.241802096274576,6.323204190826743,0.1016645435282537,13.50443916287302,3.0605671242282995,0.04920783043407743
Saint Lucia,0.70288814,High-middle,TRUE,36.38550790155772,3.4075217671043507,22.987538098930195,13.397969802627529,1.2547268506180607,35.990901511730186,0.39460638982753693,0.03695509394602215
Niue,0.748490237,High-middle,FALSE,36.264512655574364,0.04190244491383705,19.315415527797274,16.94909712777709,0.019584121134653777,28.125686077390462,8.138826578183902,0.009404144916950971
Tokelau,0.749948959,High-middle,FALSE,27.956611384756343,0.03031520127444295,19.208751935755433,8.74785944900091,0.009485882114511191,27.839920408961127,0.11669097579521548,1.26535736733529e-4
Estonia,0.854860197,High,TRUE,13.04720456885185,8.843188172291544,13.047204568851848,1.7763568394002505e-15,1.203986471512483e-15,13.047204568851843,7.105427357601002e-15,4.815945886049932e-15
Luxembourg,0.89475691,High,TRUE,12.689906101994906,4.308815899637484,11.311163099265793,1.378743002729113,0.46814765404286307,12.689906101994898,7.105427357601002e-15,2.4126245006129234e-15
Saint Vincent and the Grenadines,0.65846284,Middle,TRUE,40.8945835197329,2.7611130336043535,27.1844291681091,13.710154351623796,0.9256797016829762,40.89458351973289,7.105427357601002e-15,4.79742948768126e-16
Bosnia and Herzegovina,0.712915296,High-middle,FALSE,16.858999267125984,23.77569096603541,22.123854311074094,0,0,34.477169820837425,0,0
China,0.727553274,High-middle,FALSE,16.146857591095504,10037.494447976474,20.919922191556452,0,0,32.029477265243806,0,0
Cook Islands,0.777404869,High-middle,FALSE,21.060303577079864,0.23113328081562667,17.322597608779414,3.7377059683004497,0.041020692793698924,22.399545767388517,0,0
Cuba,0.694880527,Middle,TRUE,23.6746860849141,121.83493148042979,23.69985373051233,0,0,37.09608145380284,0,0
Czechia,0.83103434,High,TRUE,11.421401486593194,64.24342658877164,14.220791510474093,0,0,14.620447988843145,0,0
Marshall Islands,0.605458023,Low-middle,FALSE,37.67072915739802,1.6666597596179185,32.88519470969477,4.785534447703249,0.2117255989106867,43.14054050001573,0,0
Micronesia (Federated States of),0.596840305,Low-middle,FALSE,33.8668914658505,3.2164660494914203,33.86689146585051,0,0,43.22908103738131,0,0
Montenegro,0.788565722,High-middle,FALSE,16.618043095232085,6.118145344613931,16.61804309523209,0,0,20.353060606230557,0,0
North Macedonia,0.758480094,High-middle,FALSE,23.052187735884715,21.649411146160936,18.598197210353053,4.453990525531662,4.182955354742154,26.14316960469547,0,0
Portugal,0.78646394,High-middle,TRUE,20.724727032695004,87.28308535952617,16.74815507438754,3.9765719583074635,16.747505003452577,20.724727032695007,0,0
Republic of Korea,0.891662727,High,FALSE,9.700617258433098,132.09235675264145,11.436548597308374,0,0,12.643421744208176,0,0
Samoa,0.604489559,Low-middle,FALSE,40.126977643846395,11.886008128775515,32.99487801940676,7.132099624439633,2.112598533179744,43.153398325790164,0,0
Serbia,0.784525117,High-middle,FALSE,20.63780812765522,71.38536191679252,16.869221621024586,3.7685865066306334,13.035391647530242,21.073591940928676,0,0
Syrian Arab Republic,0.58868192,Low-middle,FALSE,41.299363712541485,545.9221484933772,34.80796962633262,6.491394086208864,85.80751584761565,43.26488497940714,0,0
Thailand,0.68718778,Middle,FALSE,33.222879276012954,878.5745143430219,24.402841366773387,8.820037909239566,233.2447003830895,38.06741704945032,0,0
Vanuatu,0.47654316,Low-middle,FALSE,27.22089964193127,11.881775646431086,48.81480662183832,0,0,42.486480534168926,0,0
